{"format": "layers-model", "generatedBy": "keras v2.6.0", "convertedBy": "TensorFlow.js Converter v3.21.0", "modelTopology": {"keras_version": "2.6.0", "backend": "tensorflow", "model_config": {"class_name": "Functional", "config": {"name": "model_1", "layers": [{"class_name": "InputLayer", "config": {"batch_input_shape": [null, 180, 180, 3], "dtype": "float32", "sparse": false, "ragged": false, "name": "input_2"}, "name": "input_2", "inbound_nodes": []}, {"class_name": "Rescaling", "config": {"name": "rescaling_1", "trainable": true, "dtype": "float32", "scale": 0.00392156862745098, "offset": 0.0}, "name": "rescaling_1", "inbound_nodes": [[["input_2", 0, 0, {}]]]}, {"class_name": "Conv2D", "config": {"name": "conv2d_6", "trainable": true, "dtype": "float32", "filters": 32, "kernel_size": [3, 3], "strides": [2, 2], "padding": "same", "data_format": "channels_last", "dilation_rate": [1, 1], "groups": 1, "activation": "linear", "use_bias": true, "kernel_initializer": {"class_name": "GlorotUniform", "config": {"seed": null}}, "bias_initializer": {"class_name": "Zeros", "config": {}}, "kernel_regularizer": null, "bias_regularizer": null, "activity_regularizer": null, "kernel_constraint": null, "bias_constraint": null}, "name": "conv2d_6", "inbound_nodes": [[["rescaling_1", 0, 0, {}]]]}, {"class_name": "BatchNormalization", "config": {"name": "batch_normalization_11", "trainable": true, "dtype": "float32", "axis": [3], "momentum": 0.99, "epsilon": 0.001, "center": true, "scale": true, "beta_initializer": {"class_name": "Zeros", "config": {}}, "gamma_initializer": {"class_name": "Ones", "config": {}}, "moving_mean_initializer": {"class_name": "Zeros", "config": {}}, "moving_variance_initializer": {"class_name": "Ones", "config": {}}, "beta_regularizer": null, "gamma_regularizer": null, "beta_constraint": null, "gamma_constraint": null}, "name": "batch_normalization_11", "inbound_nodes": [[["conv2d_6", 0, 0, {}]]]}, {"class_name": "Activation", "config": {"name": "activation_11", "trainable": true, "dtype": "float32", "activation": "relu"}, "name": "activation_11", "inbound_nodes": [[["batch_normalization_11", 0, 0, {}]]]}, {"class_name": "Conv2D", "config": {"name": "conv2d_7", "trainable": true, "dtype": "float32", "filters": 64, "kernel_size": [3, 3], "strides": [1, 1], "padding": "same", "data_format": "channels_last", "dilation_rate": [1, 1], "groups": 1, "activation": "linear", "use_bias": true, "kernel_initializer": {"class_name": "GlorotUniform", "config": {"seed": null}}, "bias_initializer": {"class_name": "Zeros", "config": {}}, "kernel_regularizer": null, "bias_regularizer": null, "activity_regularizer": null, "kernel_constraint": null, "bias_constraint": null}, "name": "conv2d_7", "inbound_nodes": [[["activation_11", 0, 0, {}]]]}, {"class_name": "BatchNormalization", "config": {"name": "batch_normalization_12", "trainable": true, "dtype": "float32", "axis": [3], "momentum": 0.99, "epsilon": 0.001, "center": true, "scale": true, "beta_initializer": {"class_name": "Zeros", "config": {}}, "gamma_initializer": {"class_name": "Ones", "config": {}}, "moving_mean_initializer": {"class_name": "Zeros", "config": {}}, "moving_variance_initializer": {"class_name": "Ones", "config": {}}, "beta_regularizer": null, "gamma_regularizer": null, "beta_constraint": null, "gamma_constraint": null}, "name": "batch_normalization_12", "inbound_nodes": [[["conv2d_7", 0, 0, {}]]]}, {"class_name": "Activation", "config": {"name": "activation_12", "trainable": true, "dtype": "float32", "activation": "relu"}, "name": "activation_12", "inbound_nodes": [[["batch_normalization_12", 0, 0, {}]]]}, {"class_name": "Activation", "config": {"name": "activation_13", "trainable": true, "dtype": "float32", "activation": "relu"}, "name": "activation_13", "inbound_nodes": [[["activation_12", 0, 0, {}]]]}, {"class_name": "SeparableConv2D", "config": {"name": "separable_conv2d_9", "trainable": true, "dtype": "float32", "filters": 128, "kernel_size": [3, 3], "strides": [1, 1], "padding": "same", "data_format": "channels_last", "dilation_rate": [1, 1], "groups": 1, "activation": "linear", "use_bias": true, "kernel_initializer": {"class_name": "GlorotUniform", "config": {"seed": null}}, "bias_initializer": {"class_name": "Zeros", "config": {}, "shared_object_id": 23}, "kernel_regularizer": null, "bias_regularizer": null, "activity_regularizer": null, "kernel_constraint": null, "bias_constraint": null, "depth_multiplier": 1, "depthwise_initializer": {"class_name": "GlorotUniform", "config": {"seed": null}}, "pointwise_initializer": {"class_name": "GlorotUniform", "config": {"seed": null}}, "depthwise_regularizer": null, "pointwise_regularizer": null, "depthwise_constraint": null, "pointwise_constraint": null}, "name": "separable_conv2d_9", "inbound_nodes": [[["activation_13", 0, 0, {}]]]}, {"class_name": "BatchNormalization", "config": {"name": "batch_normalization_13", "trainable": true, "dtype": "float32", "axis": [3], "momentum": 0.99, "epsilon": 0.001, "center": true, "scale": true, "beta_initializer": {"class_name": "Zeros", "config": {}}, "gamma_initializer": {"class_name": "Ones", "config": {}}, "moving_mean_initializer": {"class_name": "Zeros", "config": {}}, "moving_variance_initializer": {"class_name": "Ones", "config": {}}, "beta_regularizer": null, "gamma_regularizer": null, "beta_constraint": null, "gamma_constraint": null}, "name": "batch_normalization_13", "inbound_nodes": [[["separable_conv2d_9", 0, 0, {}]]]}, {"class_name": "Activation", "config": {"name": "activation_14", "trainable": true, "dtype": "float32", "activation": "relu"}, "name": "activation_14", "inbound_nodes": [[["batch_normalization_13", 0, 0, {}]]]}, {"class_name": "SeparableConv2D", "config": {"name": "separable_conv2d_10", "trainable": true, "dtype": "float32", "filters": 128, "kernel_size": [3, 3], "strides": [1, 1], "padding": "same", "data_format": "channels_last", "dilation_rate": [1, 1], "groups": 1, "activation": "linear", "use_bias": true, "kernel_initializer": {"class_name": "GlorotUniform", "config": {"seed": null}}, "bias_initializer": {"class_name": "Zeros", "config": {}, "shared_object_id": 34}, "kernel_regularizer": null, "bias_regularizer": null, "activity_regularizer": null, "kernel_constraint": null, "bias_constraint": null, "depth_multiplier": 1, "depthwise_initializer": {"class_name": "GlorotUniform", "config": {"seed": null}}, "pointwise_initializer": {"class_name": "GlorotUniform", "config": {"seed": null}}, "depthwise_regularizer": null, "pointwise_regularizer": null, "depthwise_constraint": null, "pointwise_constraint": null}, "name": "separable_conv2d_10", "inbound_nodes": [[["activation_14", 0, 0, {}]]]}, {"class_name": "BatchNormalization", "config": {"name": "batch_normalization_14", "trainable": true, "dtype": "float32", "axis": [3], "momentum": 0.99, "epsilon": 0.001, "center": true, "scale": true, "beta_initializer": {"class_name": "Zeros", "config": {}}, "gamma_initializer": {"class_name": "Ones", "config": {}}, "moving_mean_initializer": {"class_name": "Zeros", "config": {}}, "moving_variance_initializer": {"class_name": "Ones", "config": {}}, "beta_regularizer": null, "gamma_regularizer": null, "beta_constraint": null, "gamma_constraint": null}, "name": "batch_normalization_14", "inbound_nodes": [[["separable_conv2d_10", 0, 0, {}]]]}, {"class_name": "MaxPooling2D", "config": {"name": "max_pooling2d_4", "trainable": true, "dtype": "float32", "pool_size": [3, 3], "padding": "same", "strides": [2, 2], "data_format": "channels_last"}, "name": "max_pooling2d_4", "inbound_nodes": [[["batch_normalization_14", 0, 0, {}]]]}, {"class_name": "Conv2D", "config": {"name": "conv2d_8", "trainable": true, "dtype": "float32", "filters": 128, "kernel_size": [1, 1], "strides": [2, 2], "padding": "same", "data_format": "channels_last", "dilation_rate": [1, 1], "groups": 1, "activation": "linear", "use_bias": true, "kernel_initializer": {"class_name": "GlorotUniform", "config": {"seed": null}}, "bias_initializer": {"class_name": "Zeros", "config": {}}, "kernel_regularizer": null, "bias_regularizer": null, "activity_regularizer": null, "kernel_constraint": null, "bias_constraint": null}, "name": "conv2d_8", "inbound_nodes": [[["activation_12", 0, 0, {}]]]}, {"class_name": "Add", "config": {"name": "add_4", "trainable": true, "dtype": "float32"}, "name": "add_4", "inbound_nodes": [[["max_pooling2d_4", 0, 0, {}], ["conv2d_8", 0, 0, {}]]]}, {"class_name": "Activation", "config": {"name": "activation_15", "trainable": true, "dtype": "float32", "activation": "relu"}, "name": "activation_15", "inbound_nodes": [[["add_4", 0, 0, {}]]]}, {"class_name": "SeparableConv2D", "config": {"name": "separable_conv2d_11", "trainable": true, "dtype": "float32", "filters": 256, "kernel_size": [3, 3], "strides": [1, 1], "padding": "same", "data_format": "channels_last", "dilation_rate": [1, 1], "groups": 1, "activation": "linear", "use_bias": true, "kernel_initializer": {"class_name": "GlorotUniform", "config": {"seed": null}}, "bias_initializer": {"class_name": "Zeros", "config": {}, "shared_object_id": 50}, "kernel_regularizer": null, "bias_regularizer": null, "activity_regularizer": null, "kernel_constraint": null, "bias_constraint": null, "depth_multiplier": 1, "depthwise_initializer": {"class_name": "GlorotUniform", "config": {"seed": null}}, "pointwise_initializer": {"class_name": "GlorotUniform", "config": {"seed": null}}, "depthwise_regularizer": null, "pointwise_regularizer": null, "depthwise_constraint": null, "pointwise_constraint": null}, "name": "separable_conv2d_11", "inbound_nodes": [[["activation_15", 0, 0, {}]]]}, {"class_name": "BatchNormalization", "config": {"name": "batch_normalization_15", "trainable": true, "dtype": "float32", "axis": [3], "momentum": 0.99, "epsilon": 0.001, "center": true, "scale": true, "beta_initializer": {"class_name": "Zeros", "config": {}}, "gamma_initializer": {"class_name": "Ones", "config": {}}, "moving_mean_initializer": {"class_name": "Zeros", "config": {}}, "moving_variance_initializer": {"class_name": "Ones", "config": {}}, "beta_regularizer": null, "gamma_regularizer": null, "beta_constraint": null, "gamma_constraint": null}, "name": "batch_normalization_15", "inbound_nodes": [[["separable_conv2d_11", 0, 0, {}]]]}, {"class_name": "Activation", "config": {"name": "activation_16", "trainable": true, "dtype": "float32", "activation": "relu"}, "name": "activation_16", "inbound_nodes": [[["batch_normalization_15", 0, 0, {}]]]}, {"class_name": "SeparableConv2D", "config": {"name": "separable_conv2d_12", "trainable": true, "dtype": "float32", "filters": 256, "kernel_size": [3, 3], "strides": [1, 1], "padding": "same", "data_format": "channels_last", "dilation_rate": [1, 1], "groups": 1, "activation": "linear", "use_bias": true, "kernel_initializer": {"class_name": "GlorotUniform", "config": {"seed": null}}, "bias_initializer": {"class_name": "Zeros", "config": {}, "shared_object_id": 61}, "kernel_regularizer": null, "bias_regularizer": null, "activity_regularizer": null, "kernel_constraint": null, "bias_constraint": null, "depth_multiplier": 1, "depthwise_initializer": {"class_name": "GlorotUniform", "config": {"seed": null}}, "pointwise_initializer": {"class_name": "GlorotUniform", "config": {"seed": null}}, "depthwise_regularizer": null, "pointwise_regularizer": null, "depthwise_constraint": null, "pointwise_constraint": null}, "name": "separable_conv2d_12", "inbound_nodes": [[["activation_16", 0, 0, {}]]]}, {"class_name": "BatchNormalization", "config": {"name": "batch_normalization_16", "trainable": true, "dtype": "float32", "axis": [3], "momentum": 0.99, "epsilon": 0.001, "center": true, "scale": true, "beta_initializer": {"class_name": "Zeros", "config": {}}, "gamma_initializer": {"class_name": "Ones", "config": {}}, "moving_mean_initializer": {"class_name": "Zeros", "config": {}}, "moving_variance_initializer": {"class_name": "Ones", "config": {}}, "beta_regularizer": null, "gamma_regularizer": null, "beta_constraint": null, "gamma_constraint": null}, "name": "batch_normalization_16", "inbound_nodes": [[["separable_conv2d_12", 0, 0, {}]]]}, {"class_name": "MaxPooling2D", "config": {"name": "max_pooling2d_5", "trainable": true, "dtype": "float32", "pool_size": [3, 3], "padding": "same", "strides": [2, 2], "data_format": "channels_last"}, "name": "max_pooling2d_5", "inbound_nodes": [[["batch_normalization_16", 0, 0, {}]]]}, {"class_name": "Conv2D", "config": {"name": "conv2d_9", "trainable": true, "dtype": "float32", "filters": 256, "kernel_size": [1, 1], "strides": [2, 2], "padding": "same", "data_format": "channels_last", "dilation_rate": [1, 1], "groups": 1, "activation": "linear", "use_bias": true, "kernel_initializer": {"class_name": "GlorotUniform", "config": {"seed": null}}, "bias_initializer": {"class_name": "Zeros", "config": {}}, "kernel_regularizer": null, "bias_regularizer": null, "activity_regularizer": null, "kernel_constraint": null, "bias_constraint": null}, "name": "conv2d_9", "inbound_nodes": [[["add_4", 0, 0, {}]]]}, {"class_name": "Add", "config": {"name": "add_5", "trainable": true, "dtype": "float32"}, "name": "add_5", "inbound_nodes": [[["max_pooling2d_5", 0, 0, {}], ["conv2d_9", 0, 0, {}]]]}, {"class_name": "Activation", "config": {"name": "activation_17", "trainable": true, "dtype": "float32", "activation": "relu"}, "name": "activation_17", "inbound_nodes": [[["add_5", 0, 0, {}]]]}, {"class_name": "SeparableConv2D", "config": {"name": "separable_conv2d_13", "trainable": true, "dtype": "float32", "filters": 512, "kernel_size": [3, 3], "strides": [1, 1], "padding": "same", "data_format": "channels_last", "dilation_rate": [1, 1], "groups": 1, "activation": "linear", "use_bias": true, "kernel_initializer": {"class_name": "GlorotUniform", "config": {"seed": null}}, "bias_initializer": {"class_name": "Zeros", "config": {}, "shared_object_id": 77}, "kernel_regularizer": null, "bias_regularizer": null, "activity_regularizer": null, "kernel_constraint": null, "bias_constraint": null, "depth_multiplier": 1, "depthwise_initializer": {"class_name": "GlorotUniform", "config": {"seed": null}}, "pointwise_initializer": {"class_name": "GlorotUniform", "config": {"seed": null}}, "depthwise_regularizer": null, "pointwise_regularizer": null, "depthwise_constraint": null, "pointwise_constraint": null}, "name": "separable_conv2d_13", "inbound_nodes": [[["activation_17", 0, 0, {}]]]}, {"class_name": "BatchNormalization", "config": {"name": "batch_normalization_17", "trainable": true, "dtype": "float32", "axis": [3], "momentum": 0.99, "epsilon": 0.001, "center": true, "scale": true, "beta_initializer": {"class_name": "Zeros", "config": {}}, "gamma_initializer": {"class_name": "Ones", "config": {}}, "moving_mean_initializer": {"class_name": "Zeros", "config": {}}, "moving_variance_initializer": {"class_name": "Ones", "config": {}}, "beta_regularizer": null, "gamma_regularizer": null, "beta_constraint": null, "gamma_constraint": null}, "name": "batch_normalization_17", "inbound_nodes": [[["separable_conv2d_13", 0, 0, {}]]]}, {"class_name": "Activation", "config": {"name": "activation_18", "trainable": true, "dtype": "float32", "activation": "relu"}, "name": "activation_18", "inbound_nodes": [[["batch_normalization_17", 0, 0, {}]]]}, {"class_name": "SeparableConv2D", "config": {"name": "separable_conv2d_14", "trainable": true, "dtype": "float32", "filters": 512, "kernel_size": [3, 3], "strides": [1, 1], "padding": "same", "data_format": "channels_last", "dilation_rate": [1, 1], "groups": 1, "activation": "linear", "use_bias": true, "kernel_initializer": {"class_name": "GlorotUniform", "config": {"seed": null}}, "bias_initializer": {"class_name": "Zeros", "config": {}, "shared_object_id": 88}, "kernel_regularizer": null, "bias_regularizer": null, "activity_regularizer": null, "kernel_constraint": null, "bias_constraint": null, "depth_multiplier": 1, "depthwise_initializer": {"class_name": "GlorotUniform", "config": {"seed": null}}, "pointwise_initializer": {"class_name": "GlorotUniform", "config": {"seed": null}}, "depthwise_regularizer": null, "pointwise_regularizer": null, "depthwise_constraint": null, "pointwise_constraint": null}, "name": "separable_conv2d_14", "inbound_nodes": [[["activation_18", 0, 0, {}]]]}, {"class_name": "BatchNormalization", "config": {"name": "batch_normalization_18", "trainable": true, "dtype": "float32", "axis": [3], "momentum": 0.99, "epsilon": 0.001, "center": true, "scale": true, "beta_initializer": {"class_name": "Zeros", "config": {}}, "gamma_initializer": {"class_name": "Ones", "config": {}}, "moving_mean_initializer": {"class_name": "Zeros", "config": {}}, "moving_variance_initializer": {"class_name": "Ones", "config": {}}, "beta_regularizer": null, "gamma_regularizer": null, "beta_constraint": null, "gamma_constraint": null}, "name": "batch_normalization_18", "inbound_nodes": [[["separable_conv2d_14", 0, 0, {}]]]}, {"class_name": "MaxPooling2D", "config": {"name": "max_pooling2d_6", "trainable": true, "dtype": "float32", "pool_size": [3, 3], "padding": "same", "strides": [2, 2], "data_format": "channels_last"}, "name": "max_pooling2d_6", "inbound_nodes": [[["batch_normalization_18", 0, 0, {}]]]}, {"class_name": "Conv2D", "config": {"name": "conv2d_10", "trainable": true, "dtype": "float32", "filters": 512, "kernel_size": [1, 1], "strides": [2, 2], "padding": "same", "data_format": "channels_last", "dilation_rate": [1, 1], "groups": 1, "activation": "linear", "use_bias": true, "kernel_initializer": {"class_name": "GlorotUniform", "config": {"seed": null}}, "bias_initializer": {"class_name": "Zeros", "config": {}}, "kernel_regularizer": null, "bias_regularizer": null, "activity_regularizer": null, "kernel_constraint": null, "bias_constraint": null}, "name": "conv2d_10", "inbound_nodes": [[["add_5", 0, 0, {}]]]}, {"class_name": "Add", "config": {"name": "add_6", "trainable": true, "dtype": "float32"}, "name": "add_6", "inbound_nodes": [[["max_pooling2d_6", 0, 0, {}], ["conv2d_10", 0, 0, {}]]]}, {"class_name": "Activation", "config": {"name": "activation_19", "trainable": true, "dtype": "float32", "activation": "relu"}, "name": "activation_19", "inbound_nodes": [[["add_6", 0, 0, {}]]]}, {"class_name": "SeparableConv2D", "config": {"name": "separable_conv2d_15", "trainable": true, "dtype": "float32", "filters": 728, "kernel_size": [3, 3], "strides": [1, 1], "padding": "same", "data_format": "channels_last", "dilation_rate": [1, 1], "groups": 1, "activation": "linear", "use_bias": true, "kernel_initializer": {"class_name": "GlorotUniform", "config": {"seed": null}}, "bias_initializer": {"class_name": "Zeros", "config": {}, "shared_object_id": 104}, "kernel_regularizer": null, "bias_regularizer": null, "activity_regularizer": null, "kernel_constraint": null, "bias_constraint": null, "depth_multiplier": 1, "depthwise_initializer": {"class_name": "GlorotUniform", "config": {"seed": null}}, "pointwise_initializer": {"class_name": "GlorotUniform", "config": {"seed": null}}, "depthwise_regularizer": null, "pointwise_regularizer": null, "depthwise_constraint": null, "pointwise_constraint": null}, "name": "separable_conv2d_15", "inbound_nodes": [[["activation_19", 0, 0, {}]]]}, {"class_name": "BatchNormalization", "config": {"name": "batch_normalization_19", "trainable": true, "dtype": "float32", "axis": [3], "momentum": 0.99, "epsilon": 0.001, "center": true, "scale": true, "beta_initializer": {"class_name": "Zeros", "config": {}}, "gamma_initializer": {"class_name": "Ones", "config": {}}, "moving_mean_initializer": {"class_name": "Zeros", "config": {}}, "moving_variance_initializer": {"class_name": "Ones", "config": {}}, "beta_regularizer": null, "gamma_regularizer": null, "beta_constraint": null, "gamma_constraint": null}, "name": "batch_normalization_19", "inbound_nodes": [[["separable_conv2d_15", 0, 0, {}]]]}, {"class_name": "Activation", "config": {"name": "activation_20", "trainable": true, "dtype": "float32", "activation": "relu"}, "name": "activation_20", "inbound_nodes": [[["batch_normalization_19", 0, 0, {}]]]}, {"class_name": "SeparableConv2D", "config": {"name": "separable_conv2d_16", "trainable": true, "dtype": "float32", "filters": 728, "kernel_size": [3, 3], "strides": [1, 1], "padding": "same", "data_format": "channels_last", "dilation_rate": [1, 1], "groups": 1, "activation": "linear", "use_bias": true, "kernel_initializer": {"class_name": "GlorotUniform", "config": {"seed": null}}, "bias_initializer": {"class_name": "Zeros", "config": {}, "shared_object_id": 115}, "kernel_regularizer": null, "bias_regularizer": null, "activity_regularizer": null, "kernel_constraint": null, "bias_constraint": null, "depth_multiplier": 1, "depthwise_initializer": {"class_name": "GlorotUniform", "config": {"seed": null}}, "pointwise_initializer": {"class_name": "GlorotUniform", "config": {"seed": null}}, "depthwise_regularizer": null, "pointwise_regularizer": null, "depthwise_constraint": null, "pointwise_constraint": null}, "name": "separable_conv2d_16", "inbound_nodes": [[["activation_20", 0, 0, {}]]]}, {"class_name": "BatchNormalization", "config": {"name": "batch_normalization_20", "trainable": true, "dtype": "float32", "axis": [3], "momentum": 0.99, "epsilon": 0.001, "center": true, "scale": true, "beta_initializer": {"class_name": "Zeros", "config": {}}, "gamma_initializer": {"class_name": "Ones", "config": {}}, "moving_mean_initializer": {"class_name": "Zeros", "config": {}}, "moving_variance_initializer": {"class_name": "Ones", "config": {}}, "beta_regularizer": null, "gamma_regularizer": null, "beta_constraint": null, "gamma_constraint": null}, "name": "batch_normalization_20", "inbound_nodes": [[["separable_conv2d_16", 0, 0, {}]]]}, {"class_name": "MaxPooling2D", "config": {"name": "max_pooling2d_7", "trainable": true, "dtype": "float32", "pool_size": [3, 3], "padding": "same", "strides": [2, 2], "data_format": "channels_last"}, "name": "max_pooling2d_7", "inbound_nodes": [[["batch_normalization_20", 0, 0, {}]]]}, {"class_name": "Conv2D", "config": {"name": "conv2d_11", "trainable": true, "dtype": "float32", "filters": 728, "kernel_size": [1, 1], "strides": [2, 2], "padding": "same", "data_format": "channels_last", "dilation_rate": [1, 1], "groups": 1, "activation": "linear", "use_bias": true, "kernel_initializer": {"class_name": "GlorotUniform", "config": {"seed": null}}, "bias_initializer": {"class_name": "Zeros", "config": {}}, "kernel_regularizer": null, "bias_regularizer": null, "activity_regularizer": null, "kernel_constraint": null, "bias_constraint": null}, "name": "conv2d_11", "inbound_nodes": [[["add_6", 0, 0, {}]]]}, {"class_name": "Add", "config": {"name": "add_7", "trainable": true, "dtype": "float32"}, "name": "add_7", "inbound_nodes": [[["max_pooling2d_7", 0, 0, {}], ["conv2d_11", 0, 0, {}]]]}, {"class_name": "SeparableConv2D", "config": {"name": "separable_conv2d_17", "trainable": true, "dtype": "float32", "filters": 1024, "kernel_size": [3, 3], "strides": [1, 1], "padding": "same", "data_format": "channels_last", "dilation_rate": [1, 1], "groups": 1, "activation": "linear", "use_bias": true, "kernel_initializer": {"class_name": "GlorotUniform", "config": {"seed": null}}, "bias_initializer": {"class_name": "Zeros", "config": {}, "shared_object_id": 130}, "kernel_regularizer": null, "bias_regularizer": null, "activity_regularizer": null, "kernel_constraint": null, "bias_constraint": null, "depth_multiplier": 1, "depthwise_initializer": {"class_name": "GlorotUniform", "config": {"seed": null}}, "pointwise_initializer": {"class_name": "GlorotUniform", "config": {"seed": null}}, "depthwise_regularizer": null, "pointwise_regularizer": null, "depthwise_constraint": null, "pointwise_constraint": null}, "name": "separable_conv2d_17", "inbound_nodes": [[["add_7", 0, 0, {}]]]}, {"class_name": "BatchNormalization", "config": {"name": "batch_normalization_21", "trainable": true, "dtype": "float32", "axis": [3], "momentum": 0.99, "epsilon": 0.001, "center": true, "scale": true, "beta_initializer": {"class_name": "Zeros", "config": {}}, "gamma_initializer": {"class_name": "Ones", "config": {}}, "moving_mean_initializer": {"class_name": "Zeros", "config": {}}, "moving_variance_initializer": {"class_name": "Ones", "config": {}}, "beta_regularizer": null, "gamma_regularizer": null, "beta_constraint": null, "gamma_constraint": null}, "name": "batch_normalization_21", "inbound_nodes": [[["separable_conv2d_17", 0, 0, {}]]]}, {"class_name": "Activation", "config": {"name": "activation_21", "trainable": true, "dtype": "float32", "activation": "relu"}, "name": "activation_21", "inbound_nodes": [[["batch_normalization_21", 0, 0, {}]]]}, {"class_name": "GlobalAveragePooling2D", "config": {"name": "global_average_pooling2d_1", "trainable": true, "dtype": "float32", "data_format": "channels_last", "keepdims": false}, "name": "global_average_pooling2d_1", "inbound_nodes": [[["activation_21", 0, 0, {}]]]}, {"class_name": "Dropout", "config": {"name": "dropout_1", "trainable": true, "dtype": "float32", "rate": 0.5, "noise_shape": null, "seed": null}, "name": "dropout_1", "inbound_nodes": [[["global_average_pooling2d_1", 0, 0, {}]]]}, {"class_name": "Dense", "config": {"name": "dense_1", "trainable": true, "dtype": "float32", "units": 1, "activation": "sigmoid", "use_bias": true, "kernel_initializer": {"class_name": "GlorotUniform", "config": {"seed": null}}, "bias_initializer": {"class_name": "Zeros", "config": {}}, "kernel_regularizer": null, "bias_regularizer": null, "activity_regularizer": null, "kernel_constraint": null, "bias_constraint": null}, "name": "dense_1", "inbound_nodes": [[["dropout_1", 0, 0, {}]]]}], "input_layers": [["input_2", 0, 0]], "output_layers": [["dense_1", 0, 0]]}}, "training_config": {"loss": "binary_crossentropy", "metrics": [[{"class_name": "MeanMetricWrapper", "config": {"name": "accuracy", "dtype": "float32", "fn": "binary_accuracy"}}]], "weighted_metrics": null, "loss_weights": null, "optimizer_config": {"class_name": "Adam", "config": {"name": "Adam", "learning_rate": 0.0010000000474974513, "decay": 0.0, "beta_1": 0.8999999761581421, "beta_2": 0.9990000128746033, "epsilon": 1e-07, "amsgrad": false}}}}, "weightsManifest": [{"paths": ["group1-shard1of3.bin", "group1-shard2of3.bin", "group1-shard3of3.bin"], "weights": [{"name": "batch_normalization_11/gamma", "shape": [32], "dtype": "float32"}, {"name": "batch_normalization_11/beta", "shape": [32], "dtype": "float32"}, {"name": "batch_normalization_11/moving_mean", "shape": [32], "dtype": "float32"}, {"name": "batch_normalization_11/moving_variance", "shape": [32], "dtype": "float32"}, {"name": "batch_normalization_12/gamma", "shape": [64], "dtype": "float32"}, {"name": "batch_normalization_12/beta", "shape": [64], "dtype": "float32"}, {"name": "batch_normalization_12/moving_mean", "shape": [64], "dtype": "float32"}, {"name": "batch_normalization_12/moving_variance", "shape": [64], "dtype": "float32"}, {"name": "batch_normalization_13/gamma", "shape": [128], "dtype": "float32"}, {"name": "batch_normalization_13/beta", "shape": [128], "dtype": "float32"}, {"name": "batch_normalization_13/moving_mean", "shape": [128], "dtype": "float32"}, {"name": "batch_normalization_13/moving_variance", "shape": [128], "dtype": "float32"}, {"name": "batch_normalization_14/gamma", "shape": [128], "dtype": "float32"}, {"name": "batch_normalization_14/beta", "shape": [128], "dtype": "float32"}, {"name": "batch_normalization_14/moving_mean", "shape": [128], "dtype": "float32"}, {"name": "batch_normalization_14/moving_variance", "shape": [128], "dtype": "float32"}, {"name": "batch_normalization_15/gamma", "shape": [256], "dtype": "float32"}, {"name": "batch_normalization_15/beta", "shape": [256], "dtype": "float32"}, {"name": "batch_normalization_15/moving_mean", "shape": [256], "dtype": "float32"}, {"name": "batch_normalization_15/moving_variance", "shape": [256], "dtype": "float32"}, {"name": "batch_normalization_16/gamma", "shape": [256], "dtype": "float32"}, {"name": "batch_normalization_16/beta", "shape": [256], "dtype": "float32"}, {"name": "batch_normalization_16/moving_mean", "shape": [256], "dtype": "float32"}, {"name": "batch_normalization_16/moving_variance", "shape": [256], "dtype": "float32"}, {"name": "batch_normalization_17/gamma", "shape": [512], "dtype": "float32"}, {"name": "batch_normalization_17/beta", "shape": [512], "dtype": "float32"}, {"name": "batch_normalization_17/moving_mean", "shape": [512], "dtype": "float32"}, {"name": "batch_normalization_17/moving_variance", "shape": [512], "dtype": "float32"}, {"name": "batch_normalization_18/gamma", "shape": [512], "dtype": "float32"}, {"name": "batch_normalization_18/beta", "shape": [512], "dtype": "float32"}, {"name": "batch_normalization_18/moving_mean", "shape": [512], "dtype": "float32"}, {"name": "batch_normalization_18/moving_variance", "shape": [512], "dtype": "float32"}, {"name": "batch_normalization_19/gamma", "shape": [728], "dtype": "float32"}, {"name": "batch_normalization_19/beta", "shape": [728], "dtype": "float32"}, {"name": "batch_normalization_19/moving_mean", "shape": [728], "dtype": "float32"}, {"name": "batch_normalization_19/moving_variance", "shape": [728], "dtype": "float32"}, {"name": "batch_normalization_20/gamma", "shape": [728], "dtype": "float32"}, {"name": "batch_normalization_20/beta", "shape": [728], "dtype": "float32"}, {"name": "batch_normalization_20/moving_mean", "shape": [728], "dtype": "float32"}, {"name": "batch_normalization_20/moving_variance", "shape": [728], "dtype": "float32"}, {"name": "batch_normalization_21/gamma", "shape": [1024], "dtype": "float32"}, {"name": "batch_normalization_21/beta", "shape": [1024], "dtype": "float32"}, {"name": "batch_normalization_21/moving_mean", "shape": [1024], "dtype": "float32"}, {"name": "batch_normalization_21/moving_variance", "shape": [1024], "dtype": "float32"}, {"name": "conv2d_10/kernel", "shape": [1, 1, 256, 512], "dtype": "float32"}, {"name": "conv2d_10/bias", "shape": [512], "dtype": "float32"}, {"name": "conv2d_11/kernel", "shape": [1, 1, 512, 728], "dtype": "float32"}, {"name": "conv2d_11/bias", "shape": [728], "dtype": "float32"}, {"name": "conv2d_6/kernel", "shape": [3, 3, 3, 32], "dtype": "float32"}, {"name": "conv2d_6/bias", "shape": [32], "dtype": "float32"}, {"name": "conv2d_7/kernel", "shape": [3, 3, 32, 64], "dtype": "float32"}, {"name": "conv2d_7/bias", "shape": [64], "dtype": "float32"}, {"name": "conv2d_8/kernel", "shape": [1, 1, 64, 128], "dtype": "float32"}, {"name": "conv2d_8/bias", "shape": [128], "dtype": "float32"}, {"name": "conv2d_9/kernel", "shape": [1, 1, 128, 256], "dtype": "float32"}, {"name": "conv2d_9/bias", "shape": [256], "dtype": "float32"}, {"name": "dense_1/kernel", "shape": [1024, 1], "dtype": "float32"}, {"name": "dense_1/bias", "shape": [1], "dtype": "float32"}, {"name": "separable_conv2d_10/depthwise_kernel", "shape": [3, 3, 128, 1], "dtype": "float32"}, {"name": "separable_conv2d_10/pointwise_kernel", "shape": [1, 1, 128, 128], "dtype": "float32"}, {"name": "separable_conv2d_10/bias", "shape": [128], "dtype": "float32"}, {"name": "separable_conv2d_11/depthwise_kernel", "shape": [3, 3, 128, 1], "dtype": "float32"}, {"name": "separable_conv2d_11/pointwise_kernel", "shape": [1, 1, 128, 256], "dtype": "float32"}, {"name": "separable_conv2d_11/bias", "shape": [256], "dtype": "float32"}, {"name": "separable_conv2d_12/depthwise_kernel", "shape": [3, 3, 256, 1], "dtype": "float32"}, {"name": "separable_conv2d_12/pointwise_kernel", "shape": [1, 1, 256, 256], "dtype": "float32"}, {"name": "separable_conv2d_12/bias", "shape": [256], "dtype": "float32"}, {"name": "separable_conv2d_13/depthwise_kernel", "shape": [3, 3, 256, 1], "dtype": "float32"}, {"name": "separable_conv2d_13/pointwise_kernel", "shape": [1, 1, 256, 512], "dtype": "float32"}, {"name": "separable_conv2d_13/bias", "shape": [512], "dtype": "float32"}, {"name": "separable_conv2d_14/depthwise_kernel", "shape": [3, 3, 512, 1], "dtype": "float32"}, {"name": "separable_conv2d_14/pointwise_kernel", "shape": [1, 1, 512, 512], "dtype": "float32"}, {"name": "separable_conv2d_14/bias", "shape": [512], "dtype": "float32"}, {"name": "separable_conv2d_15/depthwise_kernel", "shape": [3, 3, 512, 1], "dtype": "float32"}, {"name": "separable_conv2d_15/pointwise_kernel", "shape": [1, 1, 512, 728], "dtype": "float32"}, {"name": "separable_conv2d_15/bias", "shape": [728], "dtype": "float32"}, {"name": "separable_conv2d_16/depthwise_kernel", "shape": [3, 3, 728, 1], "dtype": "float32"}, {"name": "separable_conv2d_16/pointwise_kernel", "shape": [1, 1, 728, 728], "dtype": "float32"}, {"name": "separable_conv2d_16/bias", "shape": [728], "dtype": "float32"}, {"name": "separable_conv2d_17/depthwise_kernel", "shape": [3, 3, 728, 1], "dtype": "float32"}, {"name": "separable_conv2d_17/pointwise_kernel", "shape": [1, 1, 728, 1024], "dtype": "float32"}, {"name": "separable_conv2d_17/bias", "shape": [1024], "dtype": "float32"}, {"name": "separable_conv2d_9/depthwise_kernel", "shape": [3, 3, 64, 1], "dtype": "float32"}, {"name": "separable_conv2d_9/pointwise_kernel", "shape": [1, 1, 64, 128], "dtype": "float32"}, {"name": "separable_conv2d_9/bias", "shape": [128], "dtype": "float32"}]}]}